City,Lat,Lng,Max Temp,Humidity,Cloudiness,Wind Speed,Country,Date
Tiksi,71.6872,128.8694,17.49,91,83,2.42,RU,1633825667
Marsá Maţrūḩ,31.3525,27.2453,71.58,74,0,4.99,EG,1633825812
Bredasdorp,-34.5322,20.0403,47.52,93,1,3.44,ZA,1633825814
Bluff,-46.6,168.3333,56.23,57,58,3.24,NZ,1633825815
Butaritari,3.0707,172.7902,81.64,74,39,11.52,KI,1633825817
Sillod,20.3,75.65,71.2,85,13,5.14,IN,1633825818
Busselton,-33.65,115.3333,56.05,66,71,7.52,AU,1633825820
Myaundzha,63.0494,147.1858,17.15,77,24,2.89,RU,1633825821
Westport,41.1415,-73.3579,64.8,83,90,1.01,US,1633825743
Tasiilaq,65.6145,-37.6368,32.16,73,90,6.55,GL,1633825825
Bilibino,68.0546,166.4372,11.28,93,98,1.23,RU,1633825826
Tuktoyaktuk,69.4541,-133.0374,30.2,86,90,13.8,CA,1633825828
Jamestown,42.097,-79.2353,63.99,88,90,5.99,US,1633825737
Cape Town,-33.9258,18.4232,59.11,66,0,5.75,ZA,1633825769
Narsaq,60.9167,-46.05,30.42,46,9,6.85,GL,1633825831
Port Elizabeth,-33.918,25.5701,57.49,94,90,9.22,ZA,1633825833
Udachny,66.4167,112.4,34.12,99,100,9.17,RU,1633825835
Am Timan,11.0297,20.2827,77.07,65,97,4.32,TD,1633825836
Boa Vista,2.8197,-60.6733,85.98,70,20,3.44,BR,1633825837
Ostrovnoy,68.0531,39.5131,39.61,97,100,9.98,RU,1633825839
Yellowknife,62.456,-114.3525,42.42,100,90,4.61,CA,1633825840
Mataura,-46.1927,168.8643,65.1,40,75,4.59,NZ,1633825842
Arraial do Cabo,-22.9661,-42.0278,67.51,80,100,17.76,BR,1633825843
Hong Kong,22.2855,114.1577,82.26,87,100,8.01,HK,1633825647
Punta Arenas,-53.15,-70.9167,42.91,87,75,23.02,CL,1633825846
Barrow,71.2906,-156.7887,32.02,74,75,9.22,US,1633825847
Saint-François,46.4154,3.9054,44.04,96,1,3.44,FR,1633825848
Rikitea,-23.1203,-134.9692,74.57,81,94,17.31,PF,1633825850
Coahuayana Viejo,18.7333,-103.6833,87.28,87,100,2.62,MX,1633825851
Umm Kaddadah,13.6017,26.6876,83.32,14,100,11.43,SD,1633825853
Touros,-5.1989,-35.4608,79.7,77,73,15.75,BR,1633825766
Thompson,55.7435,-97.8558,48.36,57,40,3.44,CA,1633825855
Alofi,-19.0595,-169.9187,82.29,74,100,6.91,NU,1633825857
Antalaha,-14.9003,50.2788,66.42,80,3,6.76,MG,1633825858
Ribeira Grande,38.5167,-28.7,71.33,82,100,21.25,PT,1633825860
Lompoc,34.6391,-120.4579,74.37,66,1,17.27,US,1633825861
São Francisco de Paula,-29.4481,-50.5836,56.68,97,100,3.36,BR,1633825865
Kahului,20.8947,-156.47,79.86,83,40,19.57,US,1633825867
Sitka,57.0531,-135.33,45.77,85,100,9.55,US,1633825868
São João da Barra,-21.6403,-41.0511,68.43,80,100,9.28,BR,1633825743
Puerto Ayora,-0.7393,-90.3518,69.55,87,96,5.99,EC,1633825871
Bambous Virieux,-20.3428,57.7575,72.21,83,75,14.97,MU,1633825659
Qaqortoq,60.7167,-46.0333,30.7,54,17,5.41,GL,1633825751
Zhigansk,66.7697,123.3711,32.72,99,100,19.66,RU,1633825875
Pokotylivka,49.9153,36.1772,42.94,48,0,4.0,UA,1633825877
Cidreira,-30.1811,-50.2056,63.82,90,100,18.95,BR,1633825878
Reconquista,-29.15,-59.65,67.69,74,14,8.05,AR,1633825879
Hermanus,-34.4187,19.2345,55.9,82,0,9.91,ZA,1633825881
Longyearbyen,78.2186,15.6401,19.24,79,0,9.22,SJ,1633825882
Sangmélima,2.9333,11.9833,69.19,99,100,3.49,CM,1633825883
Ushuaia,-54.8,-68.3,44.26,87,75,25.32,AR,1633825885
Laredo,27.5064,-99.5075,93.45,32,1,10.36,US,1633825799
Cayenne,4.9333,-52.3333,83.08,81,100,2.3,GF,1633825672
Carnarvon,-24.8667,113.6333,69.87,35,0,16.11,AU,1633825889
Mandalgovi,45.7625,106.2708,31.91,59,0,8.63,MN,1633825891
Tolaga Bay,-38.3667,178.3,59.38,62,61,12.59,NZ,1633825892
Jardim,-21.4803,-56.1381,72.45,94,100,7.85,BR,1633825893
Wajima,37.4,136.9,75.88,83,20,4.61,JP,1633825896
Lumby,50.2498,-118.969,56.73,68,100,3.44,CA,1633825848
Dikson,73.5069,80.5464,30.07,59,100,24.09,RU,1633825898
Goubellat,36.5418,9.6633,64.62,76,12,9.53,TN,1633825901
Bengkulu,-3.8004,102.2655,79.39,86,27,3.42,ID,1633825903
Saint-Philippe,-21.3585,55.7679,69.39,85,73,13.94,RE,1633825905
Djenné,13.9061,-4.5533,86.09,21,84,2.1,ML,1633825906
Kutum,14.2,24.6667,75.29,15,99,8.68,SD,1633825908
Sinnamary,5.3833,-52.95,80.31,77,100,13.67,GF,1633825752
Kamenka,51.3223,42.7678,39.34,73,48,6.06,RU,1633825910
Ponta Delgada,37.7333,-25.6667,72.5,83,40,11.5,PT,1633825878
Mar del Plata,-38.0023,-57.5575,54.12,58,0,5.99,AR,1633825688
Shache,38.4167,77.2406,43.79,27,71,3.51,CN,1633825914
Mareeba,-17.0,145.4333,83.48,53,76,9.28,AU,1633825915
Fortuna,40.5982,-124.1573,62.37,62,0,4.0,US,1633825917
Qaanaaq,77.484,-69.3632,28.26,74,100,13.29,GL,1633825918
Laguna,38.421,-121.4238,77.11,33,1,1.99,US,1633825920
Esperance,-33.8667,121.9,57.04,51,80,4.21,AU,1633825707
Avarua,-21.2078,-159.775,78.85,57,91,6.91,CK,1633825922
Lebu,-37.6167,-73.65,49.82,95,2,7.52,CL,1633825924
Gravdal,68.1214,13.5031,51.15,97,100,18.63,NO,1633825781
Kavieng,-2.5744,150.7967,83.8,70,91,8.05,PG,1633825926
Chokurdakh,70.6333,147.9167,10.33,94,82,5.61,RU,1633825928
Codrington,-38.2667,141.9667,53.22,71,26,12.3,AU,1633825767
Atuona,-9.8,-139.0333,78.1,74,7,17.43,PF,1633825643
Nikolskoye,59.7035,30.7861,50.4,82,100,5.37,RU,1633825931
Cherskiy,68.75,161.3,12.34,94,84,5.91,RU,1633825823
Tongzi,28.7829,105.0877,64.81,92,100,5.73,CN,1633825934
Hearst,49.6835,-83.6665,62.85,97,100,4.34,CA,1633825935
Khatanga,71.9667,102.5,15.82,97,100,1.01,RU,1633825937
Salym,60.0625,71.4789,29.62,95,24,5.95,RU,1633825938
Vostok,46.4856,135.8833,45.3,98,100,4.9,RU,1633825940
Kapaa,22.0752,-159.319,87.78,68,90,5.01,US,1633825653
Charleston,32.7766,-79.9309,73.02,87,75,7.0,US,1633825749
Lagoa,39.05,-27.9833,69.71,80,99,23.15,PT,1633825943
Kodinsk,58.6881,99.1844,34.11,77,97,15.03,RU,1633825945
Upington,-28.4478,21.2561,62.98,25,0,6.91,ZA,1633825946
Grindavik,63.8424,-22.4338,42.91,93,20,12.66,IS,1633825948
Saint-Pierre,-21.3393,55.4781,69.48,73,75,4.61,RE,1633825654
Cherepovets,59.1333,37.9,44.89,91,100,6.58,RU,1633825951
Kuandian,40.7286,124.7847,55.94,78,100,6.08,CN,1633825953
Salalah,17.0151,54.0924,80.69,78,20,3.44,OM,1633825954
Jadu,31.953,12.0261,60.96,79,8,3.02,LY,1633825956
Mayahi,13.9553,7.6712,84.81,16,17,5.39,NE,1633825957
Albany,42.6001,-73.9662,60.03,80,100,1.01,US,1633825824
Norman Wells,65.282,-126.8329,32.04,93,75,10.36,CA,1633825960
Mahébourg,-20.4081,57.7,72.25,83,75,14.97,MU,1633825961
Youkounkoun,12.5333,-13.1333,78.58,89,100,4.0,GN,1633825962
Tawao,4.2498,117.8871,82.53,88,100,1.99,MY,1633825964
Barra de Tecoanapa,16.5167,-98.75,79.43,84,100,5.48,MX,1633825965
Ambilobe,-13.2,49.05,68.74,72,31,4.03,MG,1633825967
Leningradskiy,69.3833,178.4167,20.26,94,100,4.25,RU,1633825756
Sesheke,-17.4759,24.2968,74.48,24,6,4.36,ZM,1633825969
Shīeli,44.1667,66.75,45.91,31,100,6.64,KZ,1633825971
Castro,-24.7911,-50.0119,56.14,98,100,9.19,BR,1633825972
Asău,46.4333,26.4,38.75,77,0,4.32,RO,1633825974
Broken Hill,-31.95,141.4333,51.51,87,90,19.57,AU,1633825933
Nelson Bay,-32.7167,152.15,89.76,44,100,5.28,AU,1633825977
Karakol,42.4907,78.3936,39.83,57,82,2.91,KG,1633825979
Storm Lake,42.6411,-95.2097,73.09,78,1,9.22,US,1633825791
East London,-33.0153,27.9116,60.03,69,38,17.18,ZA,1633825888
Oranjemund,-28.55,16.4333,57.83,82,5,7.49,NA,1633825701
Belaya Gora,68.5333,146.4167,22.06,64,100,4.21,RU,1633825986
Angren,41.0167,70.1436,41.0,96,100,4.12,UZ,1633825987
Avera,33.194,-82.5271,71.65,85,30,5.06,US,1633825716
Egvekinot,66.3167,-179.1667,20.93,82,96,3.65,RU,1633825989
Vaini,-21.2,-175.2,78.96,83,40,8.05,TO,1633825991
Osypenko,46.9136,36.8253,48.83,39,93,16.82,UA,1633825992
Yuli,9.6989,10.2744,76.68,75,100,2.46,NG,1633825994
Revda,56.801,59.9303,38.21,95,100,5.77,RU,1633825995
San Vicente,-26.6167,-54.1333,63.41,100,100,2.26,AR,1633825996
Champerico,14.3,-91.9167,85.35,81,100,8.01,GT,1633825780
San Quintín,30.4833,-115.95,67.21,68,1,20.36,MX,1633825999
Ancud,-41.8697,-73.8203,53.13,93,0,3.47,CL,1633825892
Velasco Ibarra,-1.05,-79.6167,79.9,65,100,10.27,EC,1633826003
Pevek,69.7008,170.3133,25.5,93,100,2.91,RU,1633825763
Hilo,19.7297,-155.09,79.29,83,90,5.75,US,1633825813
Saskylakh,71.9167,114.0833,19.13,95,100,2.33,RU,1633826007
Wanaka,-44.7,169.15,61.11,52,53,5.01,NZ,1633826008
Liverpool,53.4106,-2.9779,59.29,90,75,3.0,GB,1633825815
Honiara,-9.4333,159.95,86.36,66,51,5.7,SB,1633826011
Flinders,-34.5833,150.8552,73.8,77,83,8.01,AU,1633825731
New Norfolk,-42.7826,147.0587,53.1,47,77,4.0,AU,1633826013
Guerrero Negro,27.9769,-114.0611,71.19,57,0,21.79,MX,1633826015
El Alto,-4.2714,-81.2147,63.3,85,84,13.62,PE,1633826016
Santa Maria,-29.6842,-53.8069,65.5,88,90,10.36,BR,1633826018
Bubaque,11.2833,-15.8333,82.29,76,27,9.06,GW,1633826020
Ilulissat,69.2167,-51.1,30.22,74,75,11.5,GL,1633826021
Leer,8.3018,30.1418,72.88,90,76,4.68,SS,1633826024
Ivybridge,50.3904,-3.9191,57.56,95,100,6.04,GB,1633826025
Provideniya,64.3833,-173.3,32.45,72,32,3.83,RU,1633826027
Jiaojiang,28.6803,121.4428,80.85,80,15,6.42,CN,1633826028
Southbridge,42.0751,-72.0334,59.38,88,100,7.54,US,1633826029
Faya,18.3851,42.4509,64.51,46,8,8.43,SA,1633826031
Saint George,37.1041,-113.5841,72.63,26,20,4.0,US,1633826032
Buchanan,5.8808,-10.0467,76.57,90,62,4.07,LR,1633826035
Paullo,45.4187,9.3977,58.53,61,75,1.01,IT,1633826037
Nanortalik,60.1432,-45.2371,36.03,82,12,7.56,GL,1633826038
Saldanha,-33.0117,17.9442,50.05,79,38,9.89,ZA,1633826040
Hithadhoo,-0.6,73.0833,82.54,70,89,11.05,MV,1633826041
Neiafu,-18.65,-173.9833,81.28,74,40,6.91,TO,1633826043
Chui,-33.6971,-53.4616,56.48,84,2,9.75,UY,1633826044
Port Alfred,-33.5906,26.891,58.24,77,19,13.06,ZA,1633826047
Saint Paul Harbor,57.79,-152.4072,53.11,43,20,19.57,US,1633826048
Nikolayevsk-on-Amur,53.1406,140.73,44.74,86,100,2.77,RU,1633826050
Mahibadhoo,3.7833,72.9667,83.23,76,100,13.94,MV,1633826051
Malakal,9.5334,31.6605,73.49,95,67,4.94,SS,1633826052
Onda,39.9667,-0.25,66.29,85,34,3.71,ES,1633826054
Simpang,-1.2667,104.0833,82.2,78,55,3.83,ID,1633826055
Kangaatsiaq,68.3065,-53.4641,29.8,79,100,14.2,GL,1633826057
Atar,20.5169,-13.0499,85.96,17,100,9.26,MR,1633826058
Tallahassee,30.4383,-84.2807,76.64,87,1,3.44,US,1633825792
São Filipe,14.8961,-24.4956,79.56,76,0,7.36,CV,1633826061
Kruisfontein,-34.0033,24.7314,52.88,78,5,7.87,ZA,1633826063
Araouane,18.9048,-3.5265,85.75,11,100,5.46,ML,1633826064
Samarai,-10.6167,150.6667,80.55,76,98,13.49,PG,1633826066
Port-Gentil,-0.7193,8.7815,76.96,94,90,12.66,GA,1633826067
Kathmandu,27.7167,85.3167,68.22,94,75,2.3,NP,1633825993
George Town,5.4112,100.3354,81.9,87,20,3.0,MY,1633826070
Kita,13.0349,-9.4895,79.36,67,100,2.59,ML,1633826071
Aksu,41.1231,80.2644,43.29,24,55,4.18,CN,1633826072
Bethel,41.3712,-73.414,62.58,84,75,1.01,US,1633826074
Airai,-8.9266,125.4092,78.42,23,88,2.98,TL,1633826075
Sept-Îles,50.2001,-66.3821,41.05,89,75,2.3,CA,1633825962
Konstantinovskoye,45.2992,42.6367,41.58,71,100,13.42,RU,1633826080
Binzhou,37.3667,118.0167,62.28,61,100,13.29,CN,1633826082
Saint-Leu,-21.15,55.2833,68.86,78,36,4.36,RE,1633826083
Waipawa,-41.4122,175.5153,56.03,58,37,12.59,NZ,1633826084
Ponta do Sol,32.6667,-17.1,72.23,75,21,4.72,PT,1633826087
Gaomi,36.3833,119.7528,62.38,85,100,13.31,CN,1633826088
Biak,-0.9131,122.8766,81.99,67,100,5.32,ID,1633826090
Samsun Province,41.25,36.3333,61.0,85,40,2.3,TR,1633826092
Baykit,61.67,96.37,32.92,82,100,15.35,RU,1633826094
Mount Gambier,-37.8333,140.7667,53.51,71,75,12.66,AU,1633826095
Kichmengskiy Gorodok,59.9816,45.7854,43.66,97,100,3.94,RU,1633826096
Lata,40.1629,-8.3327,61.07,71,37,3.4,PT,1633826098
Bourail,-21.5667,165.4833,80.42,41,0,7.2,NC,1633826099
Chechat,24.7667,75.8833,76.12,65,0,4.83,IN,1633826102
Pisco,-13.7,-76.2167,64.02,82,0,13.8,PE,1633826104
Faanui,-16.4833,-151.75,78.75,70,22,5.82,PF,1633826105
Strezhevoy,60.7333,77.5889,30.18,81,20,8.99,RU,1633826107
Constitución,-35.3333,-72.4167,50.54,90,67,3.56,CL,1633825856
Newport,51.5877,-2.9984,60.85,90,100,3.87,GB,1633825834
Koutsouras,35.0339,25.9469,70.11,79,0,1.74,GR,1633826111
Chumikan,54.7183,135.315,46.17,70,100,18.86,RU,1633826112
Beyneu,45.3167,55.2,46.0,63,0,7.63,KZ,1633826115
Mount Isa,-20.7333,139.5,89.37,33,90,5.75,AU,1633826116
Myanaung,18.2833,95.3167,78.4,90,70,1.79,MM,1633826117
San Policarpo,12.1791,125.5072,83.79,73,100,19.01,PH,1633826119
Oranjestad,12.524,-70.027,84.15,79,20,13.8,AW,1633825933
Tortolì,39.9256,9.6572,62.42,72,20,9.22,IT,1633826121
Norwich,52.6278,1.2983,56.86,96,100,2.3,GB,1633825858
Kavaratti,10.5669,72.642,81.97,79,48,12.28,IN,1633826124
Goderich,43.7501,-81.7165,64.9,92,15,14.61,CA,1633826125
Lat Yao,15.751,99.7893,79.61,82,95,2.44,TH,1633826127
Priozyornoye,45.2698,36.3303,53.73,62,77,14.99,UA,1633826128
Ojinaga,29.5667,-104.4167,95.95,10,1,0.0,MX,1633826131
Hobart,-42.8794,147.3294,53.46,52,75,8.01,AU,1633825940
Souillac,-20.5167,57.5167,72.36,83,75,14.97,MU,1633826133
Tambopata,-12.7333,-69.1833,80.64,68,76,2.46,PE,1633826134
Perafita,41.1825,-8.2545,63.28,51,73,4.56,PT,1633826136
Marawi,7.9986,124.2928,74.95,79,100,4.23,PH,1633826137
Nago,26.5881,127.9761,84.27,75,93,19.73,JP,1633826139
Tawang Town,27.5833,91.8667,54.14,69,1,2.75,IN,1633826140
Lüderitz,-26.6481,15.1594,62.85,53,18,13.51,NA,1633826142
Pasir Gudang,1.4584,103.8805,84.36,82,75,3.44,MY,1633826143
Kumul,42.8,93.45,43.02,32,0,6.17,CN,1633826020
Papar,5.7333,115.9333,82.4,74,100,3.58,MY,1633826145
Iguape,-24.7081,-47.5553,65.23,95,100,14.67,BR,1633826147
Alabaster,33.2443,-86.8164,73.99,91,1,0.0,US,1633826148
Riyadh,24.6877,46.7219,73.54,18,0,2.57,SA,1633826150
Namtsy,62.7161,129.6658,37.51,81,100,8.9,RU,1633826151
Geraldton,-28.7667,114.6,64.81,39,0,11.5,AU,1633825881
Florianópolis,-27.6146,-48.5012,65.62,86,90,2.3,BR,1633826052
Ginir,7.1333,40.7,58.44,82,94,5.59,ET,1633826155
Omboué,-1.5746,9.2618,76.78,90,100,8.77,GA,1633826156
San Alberto,7.7611,-73.3922,76.8,91,100,5.1,CO,1633826158
Andenes,69.3143,16.1194,47.07,93,75,5.75,NO,1633826159
Urubichá,-15.3833,-62.95,77.34,74,31,2.68,BO,1633826161
Lavrentiya,65.5833,-171.0,32.34,74,82,7.38,RU,1633826162
Dali,25.7,100.1833,63.63,75,14,2.39,CN,1633826165
Hailey,43.5196,-114.3153,49.89,82,40,0.0,US,1633826166
Ternuvate,47.8305,36.1276,49.48,31,100,11.95,UA,1633826168
Zabid,14.1951,43.3152,85.69,71,89,3.62,YE,1633826169
Yulara,-25.2406,130.9889,64.24,59,75,18.41,AU,1633826171
Kandé,9.9578,1.0447,75.54,87,100,0.69,TG,1633826172
Te Anau,-45.4167,167.7167,58.91,60,75,6.49,NZ,1633826174
Khovd,48.0056,91.6419,32.63,35,9,1.77,MN,1633826175
Ranong,9.9658,98.6348,76.93,83,98,15.12,TH,1633826177
Agüimes,27.9054,-15.4461,69.01,70,20,14.97,ES,1633826178
Likasi,-10.9814,26.7333,71.74,38,96,3.85,CD,1633826180
Owando,-0.4819,15.8999,72.28,98,100,2.48,CG,1633826181
Ciudad de Armería,18.9333,-103.9667,87.1,85,100,3.04,MX,1633826182
Padang,-0.9492,100.3543,77.05,80,32,2.48,ID,1633825987
Luau,-10.7073,22.2247,71.22,31,5,1.99,AO,1633826185
Urengoy,65.9667,78.3667,27.39,84,24,13.27,RU,1633826186
Vaitape,-16.5167,-151.75,78.73,70,23,5.73,PF,1633826189
Cajamarca,-7.1638,-78.5003,56.05,94,100,1.59,PE,1633826191
Port Lincoln,-34.7333,135.8667,54.25,61,82,15.39,AU,1633826193
Mountain Home,43.133,-115.6912,59.74,38,1,14.97,US,1633826142
Guatapé,6.2327,-75.1586,65.25,98,100,2.46,CO,1633826195
Rolla,37.9514,-91.7713,77.07,64,1,4.0,US,1633826192
Abrau-Dyurso,44.69,37.59,47.66,74,80,7.34,RU,1633826198
Pryazha,61.6926,33.6216,49.23,96,68,6.11,RU,1633826199
Kikwit,-5.041,18.8162,73.35,81,100,1.28,CD,1633826200
Pueblo Bello,8.2041,-76.526,74.05,98,100,4.21,CO,1633826202
Verkhovazh'ye,60.7472,42.0465,46.27,97,100,6.04,RU,1633826204
Eureka,40.8021,-124.1637,62.64,72,0,3.0,US,1633826020
Pleven,43.4167,24.6167,46.8,100,90,4.61,BG,1633826208
Krasnotur'insk,59.7666,60.2086,27.16,89,80,3.31,RU,1633826209
La Macarena,2.1837,-73.7849,75.96,88,99,2.35,CO,1633826211
Joensuu,62.6012,29.7632,52.29,93,90,4.61,FI,1633826212
Hasaki,35.7333,140.8333,72.28,76,31,6.71,JP,1633826213
Viedma,-40.8135,-62.9967,60.48,39,0,14.83,AR,1633826215
Swan River,52.1058,-101.2676,53.49,58,4,2.3,CA,1633826216
Brooks,50.5834,-111.8851,63.23,15,10,1.14,CA,1633826217
Kungurtug,50.5994,97.5228,26.91,66,10,2.44,RU,1633826219
Kaitangata,-46.2817,169.8464,57.92,65,11,6.4,NZ,1633826220
Batagay,67.6333,134.6333,33.1,62,100,5.97,RU,1633826222
Upernavik,72.7868,-56.1549,32.54,75,100,18.43,GL,1633826224
Dunedin,-45.8742,170.5036,56.8,71,8,11.99,NZ,1633826225
Kismayo,-0.3582,42.5454,77.18,84,15,11.59,SO,1633826227
Tarakan,3.3,117.6333,78.3,94,75,2.3,ID,1633826229
Clyde River,70.4692,-68.5914,33.6,78,100,4.34,CA,1633826231
Qobustan,40.0824,49.412,55.51,65,100,6.15,AZ,1633826232
Cabo San Lucas,22.8909,-109.9124,90.7,55,1,4.61,MX,1633826156
College,64.8569,-147.8028,39.58,83,75,4.61,US,1633826235
Harper,4.375,-7.7169,76.23,90,100,6.06,LR,1633826236
Leyland,53.6979,-2.6876,59.14,94,96,7.36,GB,1633826237
Maceió,-9.6658,-35.7353,76.44,94,75,3.44,BR,1633826239
Kirakira,-10.4544,161.9205,83.1,75,49,2.68,SB,1633826240
Ayan,56.45,138.1667,43.99,55,37,7.25,RU,1633826242
Ubatuba,-23.4339,-45.0711,67.59,95,100,11.18,BR,1633826243
Bhīnmāl,25.0,72.25,79.45,77,0,6.58,IN,1633826244
Hrodna,53.6884,23.8258,38.5,85,0,3.83,BY,1633826246
Margate,51.3813,1.3862,52.95,98,41,5.08,GB,1633826247
Haines Junction,60.7522,-137.5108,42.75,49,100,5.75,CA,1633826249
Vanavara,60.34,102.2797,32.79,79,100,18.05,RU,1633826251
Naze,28.3667,129.4833,81.52,74,22,20.13,JP,1633826252
Gamba,-2.65,10.0,76.32,90,100,7.99,GA,1633826254
Iznoski,54.9881,35.3108,35.11,77,6,2.77,RU,1633826255
Jutaí,-5.1833,-68.9,81.27,66,100,2.04,BR,1633826256
Talara,-4.5772,-81.2719,64.49,89,84,12.59,PE,1633825966
Inhambane,-23.865,35.3833,69.06,84,10,7.61,MZ,1633826259
Baharly,38.4362,57.4316,44.76,34,0,3.15,TM,1633826260
Mayumba,-3.432,10.6554,76.59,88,100,7.47,GA,1633826262
Nuevo Progreso,23.1667,-97.95,81.54,65,4,1.01,MX,1633826263
Ahipara,-35.1667,173.1667,60.4,64,72,11.83,NZ,1633826265
Alexandria,31.2156,29.9553,74.19,72,0,8.75,EG,1633826244
Severo-Kuril'sk,50.6789,156.125,47.48,71,50,12.68,RU,1633826268
Pecos,31.4229,-103.4932,97.63,15,1,8.05,US,1633826271
Coyhaique,-45.5752,-72.0662,51.75,66,20,3.44,CL,1633825987
Khartoum,15.5518,32.5324,94.12,19,87,7.2,SD,1633826138
Along,28.1667,94.7667,71.91,95,40,0.94,IN,1633826274
Boone,39.0334,-92.3335,79.65,63,100,3.0,US,1633826217
Kabo,7.6994,18.629,72.68,94,100,3.36,CF,1633826277
Tuatapere,-46.1333,167.6833,62.78,50,84,3.76,NZ,1633826278
Murray Bridge,-35.1167,139.2667,61.47,45,100,11.43,AU,1633826280
Kawalu,-7.3817,108.2082,77.02,82,87,3.4,ID,1633826281
Tura,25.5198,90.2201,75.38,86,0,2.57,IN,1633826283
Beringovskiy,63.05,179.3167,30.9,95,100,6.4,RU,1633826285
Jucás,-6.5253,-39.5275,82.04,53,72,6.87,BR,1633826287
Rawson,-43.3002,-65.1023,64.49,33,0,20.94,AR,1633826288
Jaqué,7.5175,-78.1703,78.55,89,100,5.86,PA,1633826290
Obo,5.3998,26.4869,69.71,95,100,1.74,CF,1633826291
Srednekolymsk,67.45,153.6833,21.34,76,17,4.76,RU,1633826292
Tucumcari,35.1717,-103.725,85.84,16,1,16.11,US,1633826294
Port Hedland,-20.3167,118.5667,84.25,21,0,19.57,AU,1633826296
Aras,42.5617,-2.356,54.05,87,68,6.02,ES,1633826298
Rabo de Peixe,37.8,-25.5833,71.28,81,40,11.5,PT,1633826299
Itarema,-2.9248,-39.9167,79.65,80,16,17.81,BR,1633826300
Derzhavīnsk,51.1,66.3167,38.8,61,0,5.79,KZ,1633826302
Pitsunda,43.1592,40.3378,55.58,56,13,3.2,GE,1633826303
Salinas,36.6777,-121.6555,74.01,62,1,12.66,US,1633826281
Huarmey,-10.0681,-78.1522,64.13,88,63,9.46,PE,1633826306
Tautira,-17.7333,-149.15,84.22,69,34,3.85,PF,1633826307
Meulaboh,4.1363,96.1285,79.36,78,20,4.92,ID,1633826309
Port Blair,11.6667,92.75,78.84,89,75,4.61,IN,1633826310
Kadaya,50.9327,119.2911,37.76,76,11,11.54,RU,1633826312
Whitehorse,60.7161,-135.0538,47.17,39,75,14.97,CA,1633826179
Camaná,-16.6228,-72.7111,63.07,91,99,8.5,PE,1633826314
Katangli,51.7102,143.2326,49.17,69,100,6.38,RU,1633826315
Polis,35.0367,32.4264,66.02,82,0,2.13,CY,1633826317
Snåase,64.2457,12.3778,54.41,98,100,1.83,NO,1633826318
Delījān,33.9905,50.6838,53.89,51,0,1.21,IR,1633826320
Santiago,-33.4569,-70.6483,56.35,62,20,14.97,CL,1633826219
Tutóia,-2.7619,-42.2744,80.15,81,23,10.63,BR,1633826322
Axum,14.1245,38.7244,60.78,70,86,2.84,ET,1633826323
Bathsheba,13.2167,-59.5167,75.81,94,75,11.5,BB,1633826325
Pombas,17.1503,-25.0201,76.78,80,18,11.23,CV,1633826327
Dondo,-19.6094,34.7431,66.42,82,0,5.1,MZ,1633826329
Port Shepstone,-30.7414,30.455,62.4,54,0,20.13,ZA,1633826330
Tual,-5.6667,132.75,82.17,78,90,8.81,ID,1633826332
Arrondissement de Dieppe,49.75,1.1667,49.32,83,26,2.13,FR,1633826333
Grimshaw,56.1834,-117.6027,53.22,43,75,23.02,CA,1633826334
Inndyr,67.0338,14.0276,53.78,93,100,13.82,NO,1633826336
North Bend,43.4065,-124.2243,60.93,77,1,5.75,US,1633826337
Crib Point,-38.35,145.2,61.36,56,55,10.25,AU,1633826339
Paidha,2.4167,30.9855,62.22,90,100,3.87,UG,1633826340
Makakilo City,21.3469,-158.0858,80.92,60,90,17.27,US,1633826341
Kamaishi,39.2667,141.8833,65.35,83,100,13.11,JP,1633826343
Hobyo,5.3505,48.5268,78.28,85,22,11.7,SO,1633826344
Nambucca Heads,-30.65,153.0,88.16,54,100,11.61,AU,1633826346
Warrnambool,-38.3833,142.4833,56.8,70,64,9.93,AU,1633826347
Lokosovo,61.1333,74.8167,28.49,83,89,7.4,RU,1633826349
Shaoguan,24.8,113.5833,76.95,86,100,3.76,CN,1633826350
Adrar,20.5022,-10.0711,84.2,16,55,8.9,MR,1633826352
Paamiut,61.994,-49.6678,35.76,53,100,3.09,GL,1633826353
Choya,52.0108,86.5467,35.65,81,0,4.03,RU,1633826355
Poum,-20.2333,164.0167,74.34,65,0,9.26,NC,1633826356
Rochegda,62.8,43.25,39.27,96,100,2.95,RU,1633826357
Altay,47.8667,88.1167,33.75,43,8,8.12,CN,1633826359
Pedro Carbo,-1.8333,-80.2333,78.28,68,97,7.07,EC,1633826360
Genhe,50.7833,121.5167,36.91,87,100,12.48,CN,1633826363
Albania,41.0,20.0,54.79,80,100,6.04,AL,1633826364
Yenagoa,4.9247,6.2642,74.82,96,99,3.4,NG,1633826365
Richards Bay,-28.783,32.0377,66.2,74,90,19.73,ZA,1633826367
Camacha,33.0833,-16.3333,68.76,68,40,13.8,PT,1633826368
Vylkove,45.4021,29.586,46.87,58,0,11.88,UA,1633826369
Neftçala,39.3742,49.2472,61.36,68,100,8.37,AZ,1633826371
Māngrol,21.1167,70.1167,80.83,79,81,1.14,IN,1633826373
Moranbah,-22.0016,148.0466,87.89,25,0,15.08,AU,1633826375
Pemangkat,1.1667,108.9667,82.0,82,100,5.59,ID,1633826376
Huntsville,34.7304,-86.5861,73.96,83,1,3.0,US,1633826357
Sigulda,57.1519,24.8647,41.77,93,95,4.65,LV,1633826380
San Rafael,-34.6177,-68.3301,62.91,50,100,4.81,AR,1633826382
Olafsvik,64.8945,-23.7142,41.11,81,78,10.78,IS,1633826384
Tigil',57.8,158.6667,36.86,84,23,11.79,RU,1633826385
Nampula,-15.1165,39.2666,69.75,73,0,13.8,MZ,1633826386
Aklavik,68.2191,-135.0107,31.03,97,92,6.93,CA,1633826388
Krasne,49.9145,24.6134,38.55,56,0,6.73,UA,1633826389
Bushehr,28.9684,50.8385,84.65,43,0,15.1,IR,1633826391
Somerville,42.3876,-71.0995,59.97,79,75,1.01,US,1633826196
Chulym,55.0997,80.9572,36.0,94,69,7.0,RU,1633826393
Shimoda,34.6667,138.95,71.71,83,78,7.65,JP,1633826395
Matagami,49.7502,-77.6328,62.71,82,90,10.36,CA,1633826396
Río Gallegos,-51.6226,-69.2181,62.65,34,0,25.32,AR,1633826398
Siguiri,11.6667,-9.5,73.42,88,100,2.8,GN,1633826399
Vila Velha,-20.3297,-40.2925,67.95,88,90,3.44,BR,1633826400
Suntar,62.1444,117.6319,36.99,95,100,10.36,RU,1633826402
Vangaindrano,-23.35,47.6,64.08,87,2,5.44,MG,1633826403
Rocha,-34.4833,-54.3333,50.16,94,0,5.46,UY,1633826405
Bonavista,48.6499,-53.1147,43.12,75,87,35.81,CA,1633826407
Nova Olímpia,-14.7972,-57.2881,87.67,47,84,5.48,BR,1633826408
Barth,54.3635,12.7249,47.08,67,9,9.98,DE,1633826410
Coaticook,45.1334,-71.7991,54.81,91,100,5.21,CA,1633826335
Nouakchott,18.0858,-15.9785,84.13,38,100,7.9,MR,1633826412
Ingham,42.6,-84.3833,66.74,93,1,0.0,US,1633826414
Piscu Vechi,43.9,23.1667,46.09,82,100,6.91,RO,1633826415
Boysun,38.2061,67.1986,40.5,48,78,1.14,UZ,1633826417
Payakumbuh,-0.2202,100.6308,76.82,85,59,1.59,ID,1633826418
Karratha,-20.7377,116.8463,82.98,27,0,23.4,AU,1633826419
Yarmouth,41.7057,-70.2286,60.98,89,20,4.0,US,1633826421
Cockburn Town,21.4612,-71.1419,82.36,69,40,8.05,TC,1633826221
Tomatlán,19.9333,-105.25,79.54,91,100,1.39,MX,1633826423
Hirado,33.3597,129.5531,78.15,66,0,1.23,JP,1633826425
Gīdolē,5.65,37.3667,60.98,65,98,1.79,ET,1633826426
Rach Gia,10.0167,105.0833,78.75,80,100,18.77,VN,1633826413
Colac,-38.3333,143.5833,55.62,50,75,6.13,AU,1633826428
Shelburne,44.0787,-80.2041,63.23,96,100,11.39,CA,1633826430
Khandyga,62.6667,135.6,35.2,83,100,8.9,RU,1633826431
Christchurch,-43.5333,172.6333,64.33,64,0,1.01,NZ,1633826232
Klaksvík,62.2266,-6.589,50.92,86,99,23.31,FO,1633826434
Taoudenni,22.6783,-3.9836,89.74,10,100,4.99,ML,1633826435
Changtu,42.7788,124.0955,51.3,52,17,14.74,CN,1633826437
Taltal,-25.4,-70.4833,60.24,63,0,4.45,CL,1633826421
Quaraí,-30.3875,-56.4514,60.33,91,38,16.26,BR,1633826440
Beroroha,-21.6667,45.1667,71.35,71,0,1.01,MG,1633826442
Lorengau,-2.0226,147.2712,81.73,79,100,2.66,PG,1633826444
Mogadishu,2.0371,45.3438,78.06,89,23,11.74,SO,1633826445
Mossamedes,-15.1961,12.1522,63.61,80,1,2.73,AO,1633826447
Saint-Joseph,-21.3667,55.6167,68.36,82,59,12.01,RE,1633826448
Muravlenko,63.7898,74.523,26.17,82,9,15.28,RU,1633826450
Nurota,40.5614,65.6886,37.49,51,8,10.49,UZ,1633826451
Sheboygan,43.7333,-87.9334,66.16,95,90,1.99,US,1633826453
El Vigia,8.6219,-71.6506,77.22,90,99,6.2,VE,1633826454
Cértegui,5.3707,-76.6044,72.55,99,100,1.81,CO,1633826455
The Valley,18.217,-63.0578,83.1,73,100,21.32,AI,1633826457
Wakkanai,45.4094,141.6739,62.58,59,75,19.57,JP,1633826458
Ust-Kuyga,70.0167,135.6,21.07,85,88,6.85,RU,1633826460
Kupang,-10.1667,123.5833,86.16,54,82,4.9,ID,1633826461
Oodweyne,9.4092,45.064,73.0,66,100,9.28,SO,1633826463
Adilabad,19.6667,78.5333,74.48,87,95,1.7,IN,1633826464
Agadez,19.75,10.25,77.45,10,5,6.26,NE,1633826465
Flin Flon,54.7682,-101.865,50.45,58,100,6.02,CA,1633826467
Turukhansk,65.8167,87.9833,24.53,73,100,15.9,RU,1633826468
Iqaluit,63.7506,-68.5145,33.53,100,90,0.0,CA,1633826470
Kidal,18.4411,1.4078,82.44,10,26,10.76,ML,1633826471
Novyy Urgal,51.0736,132.5642,43.12,96,100,5.1,RU,1633826472
Marabu,4.4148,114.0089,82.54,89,20,3.44,MY,1633826474
Madimba,-10.4,40.3333,74.73,86,54,7.0,TZ,1633826476
Mizdah,31.4451,12.9801,64.62,84,79,10.33,LY,1633826477
Walvis Bay,-22.9575,14.5053,55.09,76,4,3.44,NA,1633826478
Sibolga,1.7427,98.7792,80.58,82,31,1.28,ID,1633826480
Teeli,51.0333,90.2333,30.54,58,1,1.07,RU,1633826481
Liusha,27.2098,108.59,60.64,95,100,6.51,CN,1633826483
Plérin,48.5425,-2.7798,58.44,85,100,3.0,FR,1633826484
Tabou,4.423,-7.3528,76.1,91,99,6.17,CI,1633826486
Luena,-11.7833,19.9167,69.58,42,9,3.15,AO,1633826487
Malbork,54.0359,19.0266,39.88,73,45,4.56,PL,1633826488
Okhotsk,59.3833,143.3,30.51,66,0,12.19,RU,1633826490
Broome,42.2506,-75.833,61.38,74,40,1.01,US,1633826491
Nantucket,41.2835,-70.0995,60.96,84,1,8.05,US,1633826470
Raudeberg,61.9875,5.1352,56.19,92,100,13.0,NO,1633826495
Katsuura,35.1333,140.3,72.1,77,41,6.58,JP,1633826496
Guayaramerín,-10.8368,-65.3614,80.2,72,90,0.31,BO,1633826498
Potiskum,11.7091,11.0694,78.85,30,90,1.79,NG,1633826499
Mulchén,-37.7167,-72.2333,53.55,78,0,2.51,CL,1633826501
Ixtapa,20.7,-105.2,85.23,79,90,5.75,MX,1633826502
Banda Aceh,5.5577,95.3222,81.86,77,91,12.68,ID,1633826503
Keetmanshoop,-26.5833,18.1333,61.88,28,0,10.65,NA,1633826505
Sangar,63.9242,127.4739,31.32,97,100,11.16,RU,1633826506
Manta,-0.95,-80.7333,73.18,78,90,8.05,EC,1633826508
Dukat,62.55,155.55,19.94,77,19,4.16,RU,1633826509
Chumphon,10.3333,98.8333,73.51,85,98,9.33,TH,1633826511
Normandin,48.8333,-72.5321,55.02,93,100,0.0,CA,1633826512
Port Augusta,-32.5,137.7667,60.71,50,98,20.33,AU,1633826513
Jinchang,38.4953,102.1739,40.91,31,0,8.01,CN,1633826515
La Rioja,42.25,-2.5,49.48,96,13,3.65,ES,1633826516
Sabang,5.8933,95.3214,82.38,78,84,20.38,ID,1633826518
Tessalit,20.1986,1.0114,81.7,12,1,7.16,ML,1633826519
Beba,22.4437,-79.7253,80.87,90,100,4.41,CU,1633826521
Bjørnevatn,69.6672,29.9847,37.74,100,90,6.91,NO,1633826522
Aswān,24.0934,32.907,85.3,24,0,11.5,EG,1633826524
Gemeente Enkhuizen,52.7,5.2833,47.98,94,46,3.87,NL,1633826276
Ulaangom,49.9811,92.0667,33.66,52,1,3.71,MN,1633826528
Machalí,-34.1833,-70.6667,51.67,82,93,2.26,CL,1633826530
Juneau,58.3019,-134.4197,46.45,91,90,11.5,US,1633826531
Launceston,-41.45,147.1667,57.61,51,75,5.99,AU,1633826532
Katobu,-4.9408,122.5276,83.82,66,100,3.27,ID,1633826534
Coquimbo,-29.9533,-71.3436,56.93,71,0,8.05,CL,1633826535
Cap Malheureux,-19.9842,57.6142,72.46,74,1,7.0,MU,1633826537
Kashan,33.9831,51.4364,59.61,44,0,5.19,IR,1633826538
San Patricio,28.017,-97.5169,83.08,64,0,10.69,US,1633826539
Harrai,22.6167,79.2167,69.6,68,6,3.42,IN,1633826542
Havøysund,70.9963,24.6622,41.88,92,100,7.02,NO,1633826544
Monforte de Lemos,42.5216,-7.5142,60.57,91,94,2.21,ES,1633826545
Shebalino,51.2917,85.6772,29.21,82,5,5.5,RU,1633826546
Ginda,30.6945,78.4932,54.97,43,0,7.36,IN,1633826548
Husavik,66.0449,-17.3389,39.11,97,100,11.1,IS,1633826549
Vardø,70.3705,31.1107,42.04,91,100,6.82,NO,1633826550
Itoman,26.1247,127.6694,84.22,80,40,17.27,JP,1633826552
Manokwari,-0.8667,134.0833,84.27,69,10,4.03,ID,1633826553
Verāval,20.9,70.3667,80.42,81,44,0.58,IN,1633826411
Sola,-13.8833,167.55,81.27,83,90,0.0,VU,1633826556
Santa Ana,33.7456,-117.8678,78.04,53,1,1.01,US,1633826557
Kaeo,-35.1,173.7833,67.32,61,4,9.53,NZ,1633826560
Kärdla,58.9978,22.7492,52.05,85,100,11.52,EE,1633826561
Sungai Raya,0.7,108.9,82.63,81,99,5.53,ID,1633826563
Kambove,-10.8764,26.5969,70.21,37,64,4.21,CD,1633826564
Aconibe,1.2968,10.9369,68.4,99,100,3.83,GQ,1633826565
Caravelas,-17.7125,-39.2481,73.53,74,100,7.16,BR,1633826567
Kulhudhuffushi,6.6221,73.07,82.69,79,68,16.78,MV,1633826568
Lipin Bor,60.2622,37.9763,46.36,96,100,8.48,RU,1633826570
Nemuro,43.3236,145.575,59.43,82,88,25.28,JP,1633826571
Kununurra,-15.7667,128.7333,91.38,35,40,4.61,AU,1633826573
Seidu,9.0167,-10.6,69.35,98,100,1.16,SL,1633826574
Necochea,-38.5473,-58.7368,51.04,75,0,10.09,AR,1633826575
Copiapó,-27.3667,-70.3333,51.49,53,0,1.66,CL,1633826577
Arrondissement de Cahors,44.4167,1.3333,54.9,91,0,0.36,FR,1633826578
Mbanza-Ngungu,-5.25,14.8667,70.0,91,38,8.01,CD,1633826580
Trincomalee,8.5711,81.2335,80.26,83,100,16.98,LK,1633826581
Port Macquarie,-31.4333,152.9167,84.16,50,100,12.46,AU,1633826583
Channel-Port aux Basques,47.5702,-59.1367,44.62,71,9,8.66,CA,1633826584
Krasnyy Chikoy,50.3643,108.7512,35.47,69,11,3.71,RU,1633826586
Tourlaville,49.6383,-1.5664,56.62,94,90,3.44,FR,1633826587
Bathurst,-33.4166,149.5806,77.97,51,93,1.01,AU,1633826588
Djougou,9.7085,1.666,73.51,86,100,4.34,BJ,1633826590
Vilkaviškis,54.6517,23.0322,39.25,75,22,3.89,LT,1633826591
Deputatsky,69.3,139.9,21.04,80,100,4.18,RU,1633826593
Kez,57.8979,53.7152,41.52,98,100,3.69,RU,1633826595
Pauini,-7.7136,-66.9764,81.86,67,90,3.87,BR,1633826597
Bairiki Village,1.3292,172.9752,84.2,70,20,8.05,KI,1633826598
Panlaitan,12.1191,119.8486,81.37,84,100,20.74,PH,1633826600
Muisne,0.6,-80.0333,73.85,83,99,5.14,EC,1633826601
Rio Grande,-32.035,-52.0986,60.94,80,100,18.63,BR,1633826603
Nioro,13.35,-15.75,76.66,88,71,6.26,GM,1633826604
Shenjiamen,29.9576,122.298,78.6,87,2,8.79,CN,1633826605
Vanimo,-2.6741,141.3028,87.06,65,11,5.28,PG,1633826607
Morehead,37.2711,-87.1764,76.71,81,1,0.0,US,1633826608
Gornyatskiy,48.2915,40.9575,40.89,52,100,8.75,RU,1633826610
Sambava,-14.2667,50.1667,68.05,83,5,10.07,MG,1633826611
Esim,4.8699,-2.2405,77.58,89,100,8.81,GH,1633826613
Kloulklubed,7.0419,134.2556,79.3,78,100,20.31,PW,1633826614
